index,Name,Experiment,Delta,0,5,15,30,90,0_delta,5_delta,15_delta,30_delta,90_delta
0,AAA,1,-0.222051917,1.701681765,1.712899732,1.476366939,1.489225064,1.479629848,0,0.011217967,-0.225314827,-0.212456702,-0.222051917
1,AAC,1,-0.042509396,1.081823792,1.096344248,1.034450336,1.042229163,1.039314396,0,0.014520455,-0.047373456,-0.039594629,-0.042509396
2,AAG,1,-0.099218016,1.613735958,1.62730859,1.506146761,1.526294527,1.514517942,0,0.013572632,-0.107589197,-0.087441431,-0.099218016
3,AAT,1,-0.188415594,1.947812797,1.952159307,1.757750998,1.768629896,1.759397203,0,0.004346511,-0.190061798,-0.179182901,-0.188415594
4,ACA,1,0.037769005,1.08133534,1.09978467,1.113236271,1.120135979,1.119104346,0,0.01844933,0.031900931,0.038800639,0.037769005
5,ACC,1,0.026984049,0.737403979,0.749059934,0.760949778,0.76312398,0.764388028,0,0.011655955,0.023545799,0.025720001,0.026984049
6,ACG,1,0.09148678,1.107907136,1.131814042,1.191385377,1.198684612,1.199393916,0,0.023906905,0.083478241,0.090777476,0.09148678
7,ACT,1,0.005746572,1.267215801,1.260311278,1.271720111,1.268660843,1.272962372,0,-0.006904523,0.00450431,0.001445042,0.005746572
8,AGA,1,0.009513572,1.498534521,1.516823979,1.498951758,1.512800182,1.508048093,0,0.018289457,0.000417236,0.01426566,0.009513572
9,AGC,1,0.083108408,1.144431145,1.163214275,1.21822907,1.227448929,1.227539553,0,0.01878313,0.073797925,0.083017784,0.083108408
10,AGG,1,0.116272703,1.879246328,1.904203103,1.979355817,1.998432631,1.995519031,0,0.024956774,0.100109489,0.119186303,0.116272703
11,AGT,1,0.087274059,1.913108272,1.930768607,1.985096319,1.997572152,2.000382331,0,0.017660334,0.071988046,0.084463879,0.087274059
12,ATA,1,0.014430707,2.31677733,2.328758062,2.320666377,2.317666536,2.331208036,0,0.011980733,0.003889047,0.000889207,0.014430707
13,ATC,1,0.040609908,1.365822076,1.371844454,1.402343657,1.397655855,1.406431984,0,0.006022378,0.036521581,0.031833779,0.040609908
14,ATG,1,0.158075264,1.92451363,1.953655636,2.069813933,2.081395019,2.082588894,0,0.029142006,0.145300304,0.156881389,0.158075264
15,ATT,1,-0.150711909,2.443945843,2.408539594,2.312218383,2.287464712,2.293233934,0,-0.03540625,-0.13172746,-0.156481131,-0.150711909
16,CAA,1,-0.101754717,1.110813427,1.122110576,1.01060736,1.017163897,1.00905871,0,0.01129715,-0.100206067,-0.09364953,-0.101754717
17,CAC,1,0.022991502,0.769190002,0.777529857,0.792264191,0.792056343,0.792181505,0,0.008339855,0.023074188,0.022866341,0.022991502
18,CAG,1,0.015098434,1.147080998,1.15660549,1.160409401,1.165115782,1.162179432,0,0.009524492,0.013328403,0.018034784,0.015098434
19,CAT,1,-0.010468008,1.324877576,1.323859909,1.31843984,1.312365111,1.314409568,0,-0.001017666,-0.006437736,-0.012512465,-0.010468008
20,CCA,1,-0.010599909,0.738502997,0.746877788,0.727839844,0.726931193,0.727903088,0,0.008374791,-0.010663152,-0.011571804,-0.010599909
21,CCC,1,0.003339454,0.566445732,0.572323098,0.568087514,0.566847557,0.569785186,0,0.005877366,0.001641782,0.000401825,0.003339454
22,CCG,1,0.018373537,0.843788855,0.847857311,0.861014581,0.861463645,0.862162391,0,0.004068456,0.017225726,0.01767479,0.018373537
23,CCT,1,-0.029420705,0.899802104,0.890548025,0.873540604,0.867373622,0.870381399,0,-0.009254078,-0.026261499,-0.032428482,-0.029420705
24,CGA,1,0.000978999,1.030206613,1.047702226,1.031270067,1.033836956,1.031185612,0,0.017495613,0.001063454,0.003630343,0.000978999
25,CGC,1,0.061778224,0.853838758,0.867354929,0.912866401,0.915027998,0.915616982,0,0.013516171,0.059027644,0.06118924,0.061778224
26,CGG,1,0.072317983,1.399073455,1.421376338,1.470601894,1.47385386,1.471391438,0,0.022302883,0.071528438,0.074780405,0.072317983
27,CGT,1,0.063468352,1.38703311,1.395235927,1.447840106,1.446478459,1.450501462,0,0.008202817,0.060806996,0.059445349,0.063468352
28,CTA,1,-0.052284625,1.265042189,1.25761902,1.214910584,1.212162761,1.212757564,0,-0.007423169,-0.050131604,-0.052879428,-0.052284625
29,CTC,1,-0.023959664,0.952725893,0.939405428,0.932369124,0.924766603,0.928766229,0,-0.013320465,-0.020356769,-0.02795929,-0.023959664
30,CTG,1,0.03468473,1.359948439,1.361364484,1.39284031,1.3896949,1.394633169,0,0.001416045,0.032891871,0.029746461,0.03468473
31,CTT,1,-0.142548572,1.618754804,1.56720605,1.49437124,1.47074601,1.476206232,0,-0.051548754,-0.124383563,-0.148008794,-0.142548572
32,GAA,1,-0.029547878,1.587518289,1.623992862,1.548088336,1.571057692,1.557970412,0,0.036474572,-0.039429953,-0.016460598,-0.029547878
33,GAC,1,0.119752624,1.108200208,1.140463276,1.2168947,1.227787047,1.227952831,0,0.032263068,0.108694493,0.119586839,0.119752624
34,GAG,1,0.147024021,1.667978568,1.699920213,1.795329068,1.822285358,1.815002589,0,0.031941645,0.127350501,0.154306791,0.147024021
35,GAT,1,0.093302106,1.881090235,1.909474261,1.966519775,1.979506128,1.974392341,0,0.028384026,0.08542954,0.098415893,0.093302106
36,GCA,1,0.157502492,1.118933943,1.162182715,1.262561659,1.276265458,1.276436436,0,0.043248772,0.143627716,0.157331515,0.157502492
37,GCC,1,0.123727876,0.903343382,0.934769076,1.014266865,1.021784166,1.027071257,0,0.031425694,0.110923484,0.118440785,0.123727876
38,GCG,1,0.231921331,1.265640543,1.319138539,1.482578926,1.502067469,1.497561874,0,0.053497996,0.216938384,0.236426927,0.231921331
39,GCT,1,0.135898423,1.330787846,1.347925864,1.455210786,1.461029676,1.46668627,0,0.017138018,0.12442294,0.130241829,0.135898423
40,GGA,1,0.157059204,1.811180523,1.866811886,1.954722295,1.978236667,1.968239727,0,0.055631363,0.143541772,0.167056145,0.157059204
41,GGC,1,0.239900519,1.477372333,1.529945195,1.701635138,1.713059107,1.717272852,0,0.052572863,0.224262805,0.235686774,0.239900519
42,GGG,1,0.393602481,2.412477314,2.474015315,2.776777934,2.808947782,2.806079795,0,0.061538001,0.364300619,0.396470467,0.393602481
43,GGT,1,0.29482948,2.439561985,2.492339675,2.715985966,2.729745184,2.734391466,0,0.05277769,0.276423981,0.290183199,0.29482948
44,GTA,1,0.172781291,2.016086194,2.056341201,2.167691817,2.189517831,2.188867485,0,0.040255006,0.151605623,0.173431637,0.172781291
45,GTC,1,0.160319927,1.468226066,1.491698124,1.61515817,1.624476269,1.628545993,0,0.023472058,0.146932104,0.156250203,0.160319927
46,GTG,1,0.333627253,2.036320324,2.060478776,2.332822962,2.35526646,2.369947577,0,0.024158452,0.296502638,0.318946137,0.333627253
47,GTT,1,0.053278065,2.490715135,2.464878641,2.542698762,2.537507954,2.5439932,0,-0.025836495,0.051983626,0.046792819,0.053278065
48,TAA,1,-0.382934374,1.990930909,1.951824901,1.629336331,1.624395283,1.607996535,0,-0.039106009,-0.361594578,-0.366535626,-0.382934374
49,TAC,1,-0.080053721,1.337015611,1.321927151,1.269353639,1.256830766,1.25696189,0,-0.01508846,-0.067661972,-0.080184845,-0.080053721
50,TAG,1,-0.15095694,1.956470611,1.924709609,1.81987346,1.814877135,1.805513671,0,-0.031761002,-0.136597151,-0.141593476,-0.15095694
51,TAT,1,-0.199485065,2.450173608,2.396937378,2.279454636,2.252377389,2.250688543,0,-0.05323623,-0.170718972,-0.197796219,-0.199485065
52,TCA,1,-0.145029656,1.386385911,1.353684463,1.258696767,1.244128061,1.241356255,0,-0.032701448,-0.127689144,-0.142257849,-0.145029656
53,TCC,1,-0.080706821,0.944800757,0.925212976,0.87555443,0.864397375,0.864093936,0,-0.019587781,-0.069246326,-0.080403382,-0.080706821
54,TCG,1,-0.080687409,1.414777191,1.387992335,1.348600726,1.337033544,1.334089782,0,-0.026784856,-0.066176465,-0.077743647,-0.080687409
55,TCT,1,-0.155376954,1.634898147,1.573174361,1.499441328,1.471456665,1.479521192,0,-0.061723785,-0.135456819,-0.163441482,-0.155376954
56,TGA,1,-0.125387416,1.773887202,1.751594568,1.660636535,1.658180751,1.648499786,0,-0.022292634,-0.113250668,-0.115706451,-0.125387416
57,TGC,1,0.012770556,1.402138492,1.404531303,1.419187974,1.413498804,1.414909048,0,0.002392811,0.017049482,0.011360312,0.012770556
58,TGG,1,0.012091337,2.213884887,2.199195258,2.236035309,2.228492498,2.225976224,0,-0.014689628,0.022150422,0.014607611,0.012091337
59,TGT,1,-0.025493992,2.323029517,2.276942009,2.305702836,2.291663853,2.297535525,0,-0.046087507,-0.017326681,-0.031365664,-0.025493992
60,TTA,1,-0.37203987,2.511071378,2.42605911,2.176969109,2.143558094,2.139031509,0,-0.085012268,-0.334102269,-0.367513284,-0.37203987
61,TTC,1,-0.210925988,1.725506018,1.653959113,1.542245786,1.507659575,1.514580031,0,-0.071546905,-0.183260232,-0.217846443,-0.210925988
62,TTG,1,-0.213068234,2.432564909,2.348493733,2.250767627,2.219752049,2.219496674,0,-0.084071176,-0.181797281,-0.212812859,-0.213068234
63,TTT,1,-0.478053875,3.194611298,3.026920146,2.771245402,2.699853133,2.716557423,0,-0.167691153,-0.423365896,-0.494758165,-0.478053875
64,AAA,2,-0.253892577,1.72247335,1.622430918,1.485716125,1.464226647,1.468580772,0,-0.100042432,-0.236757224,-0.258246703,-0.253892577
65,AAC,2,-0.05762618,1.092233221,1.068368683,1.037354655,1.033463611,1.034607041,0,-0.023864537,-0.054878566,-0.058769609,-0.05762618
66,AAG,2,-0.107965861,1.614469662,1.580838137,1.511991646,1.510731705,1.506503801,0,-0.033631525,-0.102478016,-0.103737957,-0.107965861
67,AAT,2,-0.21233054,1.961205541,1.880145183,1.764516417,1.750125995,1.748875001,0,-0.081060358,-0.196689124,-0.211079546,-0.21233054
68,ACA,2,0.03000388,1.086856056,1.092969262,1.114255809,1.115705849,1.116859936,0,0.006113206,0.027399753,0.028849792,0.03000388
69,ACC,2,0.020470182,0.741657751,0.751330851,0.760915901,0.761618231,0.762127933,0,0.0096731,0.01925815,0.01996048,0.020470182
70,ACG,2,0.085473982,1.112708141,1.14426308,1.191029346,1.198578111,1.198182124,0,0.031554938,0.078321205,0.08586997,0.085473982
71,ACT,2,-0.002114564,1.275169732,1.25110705,1.270336643,1.266649567,1.273055169,0,-0.024062683,-0.00483309,-0.008520165,-0.002114564
72,AGA,2,0.001373157,1.50258295,1.496966071,1.501784746,1.503420348,1.503956107,0,-0.005616879,-0.000798204,0.000837398,0.001373157
73,AGC,2,0.080865517,1.14391133,1.16983897,1.217867374,1.223867212,1.224776847,0,0.02592764,0.073956044,0.079955882,0.080865517
74,AGG,2,0.12418966,1.866301633,1.920828935,1.9793495,1.994301967,1.990491293,0,0.054527302,0.113047866,0.128000334,0.12418966
75,AGT,2,0.086688881,1.911308237,1.930591521,1.985146791,1.99052373,1.997997118,0,0.019283284,0.073838554,0.079215493,0.086688881
76,ATA,2,0.001698419,2.320103019,2.286357748,2.327146111,2.304496546,2.321801439,0,-0.033745271,0.007043092,-0.015606473,0.001698419
77,ATC,2,0.033956769,1.37035162,1.374223574,1.40346372,1.397696742,1.404308388,0,0.003871954,0.0331121,0.027345123,0.033956769
78,ATG,2,0.155517921,1.924434077,1.985351009,2.069932956,2.082716154,2.079951999,0,0.060916931,0.145498878,0.158282077,0.155517921
79,ATT,2,-0.170059695,2.460213328,2.36879052,2.311420694,2.283849334,2.290153633,0,-0.091422809,-0.148792634,-0.176363994,-0.170059695
80,CAA,2,-0.115007824,1.12257641,1.087060578,1.015340062,1.008687723,1.007568586,0,-0.035515832,-0.107236348,-0.113888687,-0.115007824
81,CAC,2,0.017905478,0.775284573,0.780897944,0.792576126,0.792906934,0.793190051,0,0.005613371,0.017291554,0.017622361,0.017905478
82,CAG,2,0.018456005,1.145518399,1.161468335,1.161811194,1.164761648,1.163974403,0,0.015949936,0.016292796,0.019243249,0.018456005
83,CAT,2,-0.013917521,1.330409453,1.323152279,1.318305855,1.313725287,1.316491932,0,-0.007257174,-0.012103599,-0.016684167,-0.013917521
84,CCA,2,-0.01972777,0.747147844,0.743040702,0.729120625,0.725928926,0.727420075,0,-0.004107143,-0.01802722,-0.021218918,-0.01972777
85,CCC,2,-0.00393227,0.573940612,0.574472761,0.568957279,0.567539803,0.570008342,0,0.000532149,-0.004983333,-0.006400809,-0.00393227
86,CCG,2,0.020790269,0.842546903,0.859401062,0.861151185,0.864027023,0.863337172,0,0.016854159,0.018604282,0.02148012,0.020790269
87,CCT,2,-0.037543974,0.908801558,0.88763302,0.872971267,0.868824024,0.871257584,0,-0.021168538,-0.035830291,-0.039977534,-0.037543974
88,CGA,2,0.001285599,1.032076739,1.053985204,1.033598,1.036378196,1.033362338,0,0.021908465,0.001521261,0.004301457,0.001285599
89,CGC,2,0.063347496,0.854317594,0.884498766,0.912427294,0.91901157,0.91766509,0,0.030181172,0.058109701,0.064693977,0.063347496
90,CGG,2,0.081921137,1.393163305,1.457626923,1.470245943,1.481909484,1.475084441,0,0.064463618,0.077082638,0.08874618,0.081921137
91,CGT,2,0.066945554,1.387907757,1.415087238,1.447030757,1.451978496,1.454853311,0,0.027179481,0.059123,0.064070739,0.066945554
92,CTA,2,-0.06145904,1.274813571,1.23969685,1.215381936,1.209148749,1.213354532,0,-0.035116721,-0.059431636,-0.065664823,-0.06145904
93,CTC,2,-0.02783307,0.958638054,0.937061435,0.93123411,0.92680933,0.930804984,0,-0.021576619,-0.027403944,-0.031828724,-0.02783307
94,CTG,2,0.035765389,1.362620317,1.371079851,1.391923653,1.392779098,1.398385706,0,0.008459534,0.029303336,0.030158781,0.035765389
95,CTT,2,-0.149713862,1.62884641,1.544950457,1.492023886,1.474575148,1.479132548,0,-0.083895953,-0.136822524,-0.154271262,-0.149713862
96,GAA,2,-0.039433031,1.593143429,1.594951749,1.553187233,1.559961766,1.553710399,0,0.00180832,-0.039956196,-0.033181663,-0.039433031
97,GAC,2,0.116496252,1.111022891,1.158135231,1.216290124,1.228060997,1.227519143,0,0.047112339,0.105267233,0.117038106,0.116496252
98,GAG,2,0.169472604,1.646889011,1.726751387,1.794136005,1.82315914,1.816361615,0,0.079862377,0.147246995,0.176270129,0.169472604
99,GAT,2,0.098003349,1.878072324,1.928707181,1.965989338,1.9817704,1.976075673,0,0.050634857,0.087917014,0.103698076,0.098003349
100,GCA,2,0.15230341,1.123375601,1.183285014,1.261649998,1.276737632,1.275679011,0,0.059909413,0.138274396,0.153362031,0.15230341
101,GCC,2,0.1163181,0.908758124,0.950919383,1.013121009,1.022634453,1.025076223,0,0.042161259,0.104362886,0.11387633,0.1163181
102,GCG,2,0.236830753,1.261652984,1.364612493,1.478667441,1.506367488,1.498483737,0,0.102959509,0.217014457,0.244714504,0.236830753
103,GCT,2,0.13779525,1.331278139,1.365696699,1.451503555,1.462618072,1.469073389,0,0.03441856,0.120225416,0.131339933,0.13779525
104,GGA,2,0.164152817,1.801871218,1.901469473,1.953993318,1.980786105,1.966024035,0,0.099598254,0.1521221,0.178914887,0.164152817
105,GGC,2,0.247108873,1.468747644,1.582144866,1.698222361,1.72030416,1.715856517,0,0.113397222,0.229474718,0.251556516,0.247108873
106,GGG,2,0.438597714,2.369166385,2.588273516,2.769960568,2.827754571,2.807764099,0,0.219107131,0.400794183,0.458588186,0.438597714
107,GGT,2,0.31459879,2.420019243,2.569581621,2.710881223,2.740366808,2.734618033,0,0.149562378,0.29086198,0.320347565,0.31459879
108,GTA,2,0.178237687,2.008088506,2.076097602,2.166158829,2.186538194,2.186326193,0,0.068009096,0.158070323,0.178449688,0.178237687
109,GTC,2,0.168244793,1.460225837,1.524895019,1.612217018,1.628414301,1.628470631,0,0.064669182,0.151991181,0.168188464,0.168244793
110,GTG,2,0.374879816,1.998628519,2.134677849,2.325551515,2.363245926,2.373508335,0,0.13604933,0.326922996,0.364617406,0.374879816
111,GTT,2,0.074921082,2.472114322,2.483773134,2.537880574,2.541114129,2.547035404,0,0.011658812,0.065766252,0.068999807,0.074921082
112,TAA,2,-0.405886188,2.00536952,1.847595341,1.636928919,1.605126345,1.599483332,0,-0.157774179,-0.368440601,-0.400243174,-0.405886188
113,TAC,2,-0.091568256,1.348582357,1.303456665,1.269040646,1.257248977,1.257014101,0,-0.045125692,-0.079541711,-0.09133338,-0.091568256
114,TAG,2,-0.147696783,1.952405755,1.89147963,1.821712479,1.808770052,1.804708972,0,-0.060926125,-0.130693276,-0.143635704,-0.147696783
115,TAT,2,-0.214263836,2.463549081,2.35852134,2.27895264,2.251557187,2.249285245,0,-0.105027741,-0.184596442,-0.211991894,-0.214263836
116,TCA,2,-0.145775542,1.389497451,1.332805971,1.260180541,1.243842269,1.24372191,0,-0.056691481,-0.12931691,-0.145655183,-0.145775542
117,TCC,2,-0.089257622,0.954181696,0.919775693,0.875607864,0.867179064,0.864924074,0,-0.034406003,-0.078573833,-0.087002632,-0.089257622
118,TCG,2,-0.071874079,1.411171159,1.394922906,1.348859651,1.343744364,1.33929708,0,-0.016248252,-0.062311508,-0.067426795,-0.071874079
119,TCT,2,-0.158071815,1.642093866,1.555835124,1.497392483,1.476413519,1.484022051,0,-0.086258742,-0.144701383,-0.165680347,-0.158071815
120,TGA,2,-0.107188087,1.759870267,1.740670884,1.663277541,1.659930886,1.65268218,0,-0.019199383,-0.096592726,-0.099939381,-0.107188087
121,TGC,2,0.012714846,1.405681065,1.41585423,1.418289621,1.418148627,1.418395911,0,0.010173165,0.012608556,0.012467562,0.012714846
122,TGG,2,0.042920252,2.188575324,2.246838688,2.234977971,2.240714624,2.231495576,0,0.058263364,0.046402647,0.0521393,0.042920252
123,TGT,2,0.00611705,2.298116585,2.299164631,2.302985567,2.30032957,2.304233635,0,0.001048046,0.004868982,0.002212985,0.00611705
124,TTA,2,-0.389579433,2.528318284,2.352816241,2.179371549,2.138803725,2.138738851,0,-0.175502043,-0.348946735,-0.389514559,-0.389579433
125,TTC,2,-0.214134332,1.733531718,1.635952714,1.540449051,1.514427598,1.519397386,0,-0.097579004,-0.193082667,-0.21910412,-0.214134332
126,TTG,2,-0.187337751,2.41530228,2.346618751,2.249169503,2.230013769,2.227964529,0,-0.068683529,-0.166132777,-0.185288511,-0.187337751
127,TTT,2,-0.481177228,3.206110265,2.978204057,2.767066259,2.712952091,2.724933037,0,-0.227906208,-0.439044006,-0.493158175,-0.481177228
